degree,gamma,nu,accuracy,recall,precision,f1,time
1,0.001,0.0001,0.09655764030909865,0.0975609756097561,0.0007460830639144492,0.0014808416116492873,40.625
1,0.01,0.0001,0.13308810409432176,0.08536585365853659,0.0007207825639265488,0.001429495252033627,56.359375
1,0.001,0.001,0.24442446619176378,0.18699186991869918,0.0018505109019229223,0.0036647546207775657,122.890625
1,0.01,0.001,0.3118510689890242,0.08943089430894309,0.0013273802341016048,0.0026159334126040425,134.1875
1,0.001,0.005,0.08396219077553747,0.13821138211382114,0.0009849933368097803,0.001956046484869405,470.8125
1,0.01,0.005,0.13727072667462747,0.11382113821138211,0.0009378349410503751,0.001860341505547804,479.046875
1,0.02,0.0001,0.20500626798614638,0.09349593495934959,0.000945957061775109,0.0018729641693811074,57.8125
1,0.02,0.001,0.14404118112649894,0.15040650406504066,0.0012058401772910964,0.0023924991917232464,133.609375
1,0.001,0.007,0.1184442355115729,0.06910569105691057,0.0005744407650199365,0.0011394101876675603,660.8125
1,0.01,0.007,0.098711974598643,0.15040650406504066,0.001091252285731139,0.0021667837901147807,659.328125
1,0.01,0.01,0.16360621948931928,0.052845528455284556,0.0005038369118672971,0.000998157248157248,902.53125
1,0.001,0.01,0.07480589831221891,0.11382113821138211,0.0008164217401446233,0.001621214753054253,914.046875
1,0.02,0.005,0.08732459932927973,0.13821138211382114,0.0009918609060941101,0.001969587255611876,484.3125
1,0.02,0.007,0.09600495948684867,0.13821138211382114,0.0010100409957815935,0.0020054264480358617,651.59375
1,0.02,0.01,0.1268089087756381,0.2032520325203252,0.0014792899408284023,0.002937202608235916,924.4375
1,0.01,0.02,0.1896524470309419,0.35772357723577236,0.0025243108344568427,0.005013245221750647,1748.65625
1,0.001,0.02,0.2219543077535446,0.4268292682926829,0.0029967463896341117,0.005951706155764652,1775.734375
1,0.03,0.0001,0.10334536603666543,0.1016260162601626,0.0007853978825673086,0.0015587492595941018,62.515625
1,0.03,0.001,0.30499563071038704,0.13008130081300814,0.0017282350399654353,0.003411150197207121,137.625
1,0.02,0.02,0.29291626062011883,0.573170731707317,0.004002157191110102,0.007948811906305493,1767.734375
1,0.03,0.005,0.08421702787652524,0.12195121951219512,0.0008844861135680169,0.0017562346329469615,477.71875
1,0.03,0.007,0.08623628020185661,0.11788617886178862,0.0008623509470992298,0.0017121771217712175,664.828125
1,0.03,0.01,0.0721593898550128,0.13008130081300814,0.000912564877659271,0.001812415043044857,928.03125
1,0.001,0.05,0.2664719930823394,0.524390243902439,0.003647674254206136,0.00724495240234759,4253.140625
1,0.01,0.05,0.21300080980550942,0.4146341463414634,0.0028946024178443724,0.005749070003381805,4262.0
1,0.03,0.02,0.09795649926110966,0.17886178861788618,0.001257933558236606,0.002498296615943675,1760.03125
1,0.02,0.05,0.15135230657315016,0.2682926829268293,0.001919553267603176,0.003811834011955298,4257.046875
1,0.03,0.05,0.2872837659158809,0.5528455284552846,0.0038964015585606234,0.007738264580369843,4354.78125
1,0.001,0.1,0.19062901757323708,0.3699186991869919,0.002583172476439196,0.005130518125951402,8936.109375
1,0.01,0.1,0.07439550535066408,0.13821138211382114,0.0009659639752258651,0.0019185193544746647,8956.71875
1,0.5,0.0001,0.2299936862621299,0.2926829268292683,0.0024270208319288073,0.0048141214228403315,78.609375
1,0.5,0.001,0.35221930173719296,0.17886178861788618,0.0026027802425317953,0.005130896157658446,152.921875
1,0.02,0.1,0.39658143120542066,0.7845528455284553,0.005447822282439947,0.010820508507835058,8582.890625
1,0.5,0.005,0.14243472372821647,0.10569105691056911,0.0008904719501335708,0.0017660643934248063,507.140625
1,0.5,0.007,0.16096131234244251,0.052845528455284556,0.0005001923816852636,0.0009910047263302333,716.96875
1,0.5,0.01,0.12217929185482063,0.14227642276422764,0.0010955645287507433,0.002174385736029572,931.9375
1,0.5,0.02,0.0780714275910345,0.0975609756097561,0.0007168030583597156,0.0014231499051233394,1893.140625
1,0.03,0.1,0.08953921151479383,0.15040650406504066,0.0010706638115631692,0.0021261923916791174,8495.484375
1,0.5,0.05,0.2626676228776919,0.5121951219512195,0.0035796471490667347,0.007109606432501057,4608.46875
1,0.5,0.1,0.27295501233008956,0.4796747967479675,0.003543117943790536,0.0070342771982116244,8712.609375
1,0.02,0.3,0.09226692928156068,0.16666666666666666,0.0011732387111543525,0.0023300750170493294,25652.1875
1,1.0,0.0001,0.13299705816416635,0.08130081300813008,0.0006897503103876397,0.0013678954927843514,81.203125
1,0.001,0.3,0.25147800943400545,0.491869918699187,0.0034309694615362804,0.006814405992171881,26811.796875
1,0.01,0.3,0.1570957492073514,0.3048780487804878,0.0021256093413445187,0.0042217844075429205,26815.8125
1,1.0,0.001,0.41210510543484724,0.08130081300813008,0.0021841214371519056,0.00425396150164841,147.90625
1,1.0,0.005,0.13457697956270503,0.10975609756097561,0.000902949635475888,0.0017911635929414886,515.546875
1,1.0,0.007,0.10259709659561424,0.056910569105691054,0.0004622903183199049,0.0009171306911234851,730.375
1,1.0,0.01,0.1460644367276537,0.10569105691056911,0.0008984105044920525,0.001781676146097444,948.640625
1,1.0,0.02,0.18321781023100048,0.2682926829268293,0.0020549224733794136,0.0040786058583611425,1910.640625
1,0.03,0.3,0.10775914920094615,0.21138211382113822,0.0014670616448018057,0.002913899862710487,25306.8125
1,1.0,0.05,0.2535202520004941,0.18292682926829268,0.0018698578908002991,0.0037018756169792696,5227.765625
1,0.01,0.5,0.19539669032030782,0.3861788617886179,0.0026782441994869046,0.005319595710725984,42726.3125
1,0.02,0.5,0.2310957309066619,0.45934959349593496,0.0031784428442844285,0.006313201854852227,42124.84375
1,2.0,0.0001,0.1974739329554241,0.15040650406504066,0.0013761809119988099,0.002727406752174554,78.546875
1,2.0,0.001,0.34425461291754167,0.12601626016260162,0.0019897304236200257,0.003917603942878807,146.1875
1,2.0,0.005,0.11903614843689236,0.13008130081300814,0.0010083821768450242,0.002001250781738587,494.828125
1,0.001,0.5,0.08907254393309268,0.17479674796747968,0.0012124971802391158,0.0024082889946793616,44680.46875
1,2.0,0.007,0.14746707019686967,0.07723577235772358,0.0006829128028179139,0.001353854923756591,688.4375
1,2.0,0.01,0.14257300831308822,0.13008130081300814,0.0010645021789028974,0.002111723364239285,980.6875
1,2.0,0.02,0.1979605025369331,0.13821138211382114,0.0012871474540980504,0.002550541990172912,1793.515625
1,0.03,0.5,0.23155336252293304,0.45528455284552843,0.003166167241476791,0.0062886019090398655,42156.90625
1,1.0,0.1,0.2748640030013131,0.16666666666666666,0.001866436017662858,0.003691531985774096,35584.671875
1,0.02,0.7,0.39796999601960004,0.7560975609756098,0.005421160011658409,0.010765134853571015,59624.078125
1,0.001,0.7,0.2808891618741736,0.556910569105691,0.0038587201442091034,0.007664335664335665,62319.75
1,0.01,0.7,0.4236446051855004,0.5487804878048781,0.005385781536742998,0.010666877370417193,62408.828125
2,0.001,0.0001,0.19331064047838004,0.21138211382113822,0.001770875902465604,0.0035123269165822355,15.515625
2,0.001,0.001,0.31419870431118496,0.036585365853658534,0.0006200055111600992,0.0012193469719550196,182.578125
1,0.03,0.7,0.31899394247178264,0.6300813008130082,0.004376800135539617,0.008693213684800897,58712.359375
2,0.001,0.007,0.49850128791102205,0.0040650406504065045,0.003968253968253968,0.004016064257028112,1765.890625
2,0.001,0.01,0.4823504719290299,0.0040650406504065045,0.0007142857142857143,0.0012150668286755773,2468.078125
1,0.001,0.9,0.09762548554016773,0.18292682926829268,0.0012803368708566875,0.0025428757098861355,76139.109375
1,0.01,0.9,0.14554355335337257,0.25203252032520324,0.0018121236920558836,0.003598374927452118,76164.4375
1,0.02,0.9,0.07517591537761185,0.14227642276422764,0.000991838585354795,0.0019699442787189736,74952.015625
1,0.03,0.9,0.10253464549276894,0.1910569105691057,0.0013394511100344837,0.0026602518749115605,75929.921875
1,0.5,0.3,0.18746448522448084,0.14634146341463414,0.0013113798630336587,0.002599465665391003,81383.828125
2,0.001,0.05,0.4780313948328003,0.0040650406504065045,0.0005858230814294083,0.0010240655401945725,24704.25
2,0.001,0.005,0.4263431562284109,0.0040650406504065045,0.00018583906337112061,0.0003554291807357384,42165.609375
2,0.01,0.0001,0.5004568309611065,0.0040650406504065045,0.008849557522123894,0.005571030640668524,66.25
2,0.01,0.001,0.5012587442981914,0.0040650406504065045,0.017857142857142856,0.006622516556291391,276.34375
2,0.001,0.02,0.4921141185244154,0.0040650406504065045,0.00141643059490085,0.0021008403361344537,38026.625
2,0.01,0.007,0.49830432674050995,0.0040650406504065045,0.0037593984962406013,0.00390625,1883.65625
2,0.01,0.01,0.49685525527174235,0.0040650406504065045,0.0027100271002710027,0.0032520325203252037,2614.359375
2,0.01,0.02,0.4917624021485009,0.0040650406504065045,0.0013679890560875513,0.0020470829068577278,35104.390625
2,0.01,0.005,0.4993735445232899,0.0040650406504065045,0.005263157894736842,0.0045871559633027525,41356.8125
2,0.001,0.1,0.4510195771625696,0.0040650406504065045,0.00027570995312930797,0.0005163955589981927,75013.03125
2,0.001,0.3,0.35682913103751185,0.012195121951219513,0.0002826721944784698,0.0005525370660281795,78749.671875
2,0.01,0.05,0.4779047769374711,0.0040650406504065045,0.0005827505827505828,0.0010193679918450561,24090.640625
2,0.01,0.1,0.45307360079791004,0.0040650406504065045,0.0002872737719046251,0.0005366246310705661,34653.171875
2,0.001,0.5,0.27729502083991014,0.052845528455284556,0.0007335929123638621,0.0014470974564479322,123820.0625
2,0.02,0.0001,0.5016385979841791,0.0040650406504065045,0.034482758620689655,0.007272727272727273,76.984375
2,0.02,0.001,0.5013712935384841,0.0040650406504065045,0.020833333333333332,0.006802721088435374,268.0625
2,0.01,0.3,0.3569135429677313,0.012195121951219513,0.0002828320920147073,0.0005528425320187966,78916.828125
2,0.02,0.007,0.4983183953955465,0.0040650406504065045,0.0037735849056603774,0.00391389432485323,1818.75
2,0.02,0.01,0.4968693239267789,0.0040650406504065045,0.002717391304347826,0.003257328990228013,2597.28125
2,0.001,0.9,0.19001880395843915,0.2804878048780488,0.002151476411711515,0.0042701983476189,134883.5
2,0.02,0.005,0.49940168183336303,0.0040650406504065045,0.005319148936170213,0.004608294930875577,38801.421875
2,0.001,0.7,0.20615086173371583,0.11382113821138211,0.0011217948717948717,0.0022216932476394505,167210.640625
2,0.02,0.05,0.4778907082824345,0.0040650406504065045,0.0005824111822947001,0.0010188487009679063,24001.28125
2,0.02,0.02,0.4917905394585741,0.0040650406504065045,0.0013717421124828531,0.0020512820512820513,33601.90625
2,0.01,0.5,0.2773231581499833,0.052845528455284556,0.0007336757153338225,0.0014472585583078206,119997.859375
2,0.02,0.1,0.4530876694529466,0.0040650406504065045,0.00028735632183908046,0.0005367686527106817,32311.703125
2,0.03,0.0001,0.5016948726043253,0.0040650406504065045,0.04,0.007380073800738008,86.421875
2,0.03,0.001,0.5013853621935207,0.0040650406504065045,0.02127659574468085,0.006825938566552902,275.296875
2,0.03,0.005,0.49941575048839965,0.0040650406504065045,0.0053475935828877,0.004618937644341802,39305.734375
2,0.03,0.007,0.49833246405058307,0.0040650406504065045,0.003787878787878788,0.00392156862745098,1926.125
2,0.01,0.9,0.19003287261347573,0.2804878048780488,0.0021515434985968193,0.0042703304864463425,137317.140625
2,0.03,0.01,0.4968693239267789,0.0040650406504065045,0.002717391304347826,0.003257328990228013,2687.890625
2,0.01,0.7,0.20615086173371583,0.11382113821138211,0.0011217948717948717,0.0022216932476394505,157631.4375
2,0.02,0.3,0.3569135429677313,0.012195121951219513,0.0002828320920147073,0.0005528425320187966,81050.5
2,0.03,0.05,0.4779047769374711,0.0040650406504065045,0.0005827505827505828,0.0010193679918450561,24492.953125
2,0.03,0.02,0.4917905394585741,0.0040650406504065045,0.0013717421124828531,0.0020512820512820513,35152.90625
2,0.03,0.1,0.4530876694529466,0.0040650406504065045,0.00028735632183908046,0.0005367686527106817,28219.25
1,0.5,0.5,0.24946825059134103,0.11382113821138211,0.0012796490105571043,0.002530844669408415,358797.34375
2,0.5,0.0001,0.5016667352942522,0.0040650406504065045,0.037037037037037035,0.007326007326007326,99.34375
2,0.5,0.001,0.5013712935384841,0.0040650406504065045,0.020833333333333332,0.006802721088435374,274.5625
2,0.5,0.005,0.49941575048839965,0.0040650406504065045,0.0053475935828877,0.004618937644341802,1337.78125
2,0.5,0.007,0.49833246405058307,0.0040650406504065045,0.003787878787878788,0.00392156862745098,1842.3125
2,0.5,0.01,0.4968693239267789,0.0040650406504065045,0.002717391304347826,0.003257328990228013,2540.046875
2,0.02,0.5,0.2773231581499833,0.052845528455284556,0.0007336757153338225,0.0014472585583078206,122086.59375
2,0.5,0.02,0.4917905394585741,0.0040650406504065045,0.0013717421124828531,0.0020512820512820513,34477.140625
2,0.5,0.05,0.4779047769374711,0.0040650406504065045,0.0005827505827505828,0.0010193679918450561,23707.28125
2,0.02,0.9,0.19001880395843915,0.2804878048780488,0.002151476411711515,0.0042701983476189,131761.953125
2,0.03,0.3,0.3569135429677313,0.012195121951219513,0.0002828320920147073,0.0005528425320187966,79754.90625
2,0.5,0.1,0.4531017381079832,0.0040650406504065045,0.0002874389192296637,0.0005369127516778524,27663.390625
2,0.02,0.7,0.20615086173371583,0.11382113821138211,0.0011217948717948717,0.0022216932476394505,159671.890625
2,1.0,0.0001,0.5016667352942522,0.0040650406504065045,0.037037037037037035,0.007326007326007326,98.984375
2,1.0,0.001,0.5013712935384841,0.0040650406504065045,0.020833333333333332,0.006802721088435374,279.65625
2,1.0,0.005,0.49941575048839965,0.0040650406504065045,0.0053475935828877,0.004618937644341802,1346.5625
2,1.0,0.007,0.49833246405058307,0.0040650406504065045,0.003787878787878788,0.00392156862745098,1859.734375
2,1.0,0.01,0.4968693239267789,0.0040650406504065045,0.002717391304347826,0.003257328990228013,2597.75
2,1.0,0.02,0.4917905394585741,0.0040650406504065045,0.0013717421124828531,0.0020512820512820513,5061.5
1,0.5,0.9,0.16763671758833515,0.12601626016260162,0.0011018696239425607,0.0021846370683579986,450608.125
2,1.0,0.05,0.47787663962739796,0.0040650406504065045,0.0005820721769499418,0.0010183299389002038,23914.015625
2,0.03,0.5,0.2773231581499833,0.052845528455284556,0.0007336757153338225,0.0014472585583078206,119719.078125
2,1.0,0.1,0.4531017381079832,0.0040650406504065045,0.0002874389192296637,0.0005369127516778524,30947.53125
2,0.5,0.3,0.3569135429677313,0.012195121951219513,0.0002828320920147073,0.0005528425320187966,77001.328125
2,0.03,0.9,0.19001880395843915,0.2804878048780488,0.002151476411711515,0.0042701983476189,131211.421875
2,2.0,0.0001,0.5016667352942522,0.0040650406504065045,0.037037037037037035,0.007326007326007326,98.25
2,2.0,0.001,0.5013712935384841,0.0040650406504065045,0.020833333333333332,0.006802721088435374,272.765625
2,2.0,0.005,0.49941575048839965,0.0040650406504065045,0.0053475935828877,0.004618937644341802,1330.734375
2,2.0,0.007,0.49833246405058307,0.0040650406504065045,0.003787878787878788,0.00392156862745098,1828.203125
2,2.0,0.01,0.4968693239267789,0.0040650406504065045,0.002717391304347826,0.003257328990228013,2514.359375
2,2.0,0.02,0.4917905394585741,0.0040650406504065045,0.0013717421124828531,0.0020512820512820513,4901.453125
2,0.03,0.7,0.20615086173371583,0.11382113821138211,0.0011217948717948717,0.0022216932476394505,161673.546875
2,2.0,0.05,0.4778907082824345,0.0040650406504065045,0.0005824111822947001,0.0010188487009679063,23545.765625
2,0.5,0.5,0.2773231581499833,0.052845528455284556,0.0007336757153338225,0.0014472585583078206,118814.328125
2,1.0,0.3,0.3569135429677313,0.012195121951219513,0.0002828320920147073,0.0005528425320187966,76255.453125
2,2.0,0.1,0.4531017381079832,0.0040650406504065045,0.0002874389192296637,0.0005369127516778524,26580.703125
2,0.5,0.9,0.19003287261347573,0.2804878048780488,0.0021515434985968193,0.0042703304864463425,131351.65625
3,0.001,0.0001,0.33424116191077496,0.6626016260162602,0.004592325463458613,0.009121432568550645,24.109375
3,0.001,0.001,0.2541476225116781,0.45528455284552843,0.003316749585406302,0.006585523607926148,126.25
3,0.001,0.005,0.1534173106221777,0.08536585365853659,0.0007583965330444204,0.0015034364261168384,973.734375
3,0.001,0.007,0.19970364320975792,0.22357723577235772,0.0018741906903836979,0.003717220870505542,1169.28125
3,0.001,0.01,0.24921650173170273,0.3130081300813008,0.0026527026561477245,0.005260820551361323,1595.796875
3,0.001,0.02,0.21062435089742007,0.2601626016260163,0.0021419726229124133,0.004248962655601659,3118.59375
1,2.0,0.05,0.3759252142324462,0.24796747967479674,0.0034476911773017576,0.006800825018116952,552426.03125
3,0.001,0.05,0.2081422055075925,0.17886178861788618,0.0016208649524791865,0.0032126168224299065,10120.03125
2,0.5,0.7,0.20615086173371583,0.11382113821138211,0.0011217948717948717,0.0022216932476394505,160692.9375
2,1.0,0.5,0.2773231581499833,0.052845528455284556,0.0007336757153338225,0.0014472585583078206,118412.8125
3,0.001,0.1,0.16669651966637844,0.1016260162601626,0.0009148126463700235,0.0018133023863059405,18644.359375
2,2.0,0.3,0.3569135429677313,0.012195121951219513,0.0002828320920147073,0.0005528425320187966,76283.046875
3,0.01,0.0001,0.31794336851640886,0.012195121951219513,0.00022426553038797938,0.00044043162299053077,2664.359375
3,0.01,0.001,0.48289171482035587,0.008130081300813009,0.0013271400132714001,0.0022818026240730175,5591.484375
3,0.01,0.005,0.5004560303059418,0.012195121951219513,0.007425742574257425,0.00923076923076923,5297.484375
3,0.01,0.007,0.5001887258602468,0.012195121951219513,0.0070921985815602835,0.008968609865470852,5813.125
2,1.0,0.9,0.19003287261347573,0.2804878048780488,0.0021515434985968193,0.0042703304864463425,130348.421875
3,0.01,0.02,0.4924443315901927,0.008130081300813009,0.0024154589371980675,0.0037243947858472994,12690.921875
3,0.01,0.01,0.4981628395349795,0.012195121951219513,0.005291005291005291,0.007380073800738007,22265.984375
2,1.0,0.7,0.20615086173371583,0.11382113821138211,0.0011217948717948717,0.0022216932476394505,154879.375
3,0.01,0.05,0.4777847930420779,0.008130081300813009,0.0010695187165775401,0.001890359168241966,16882.546875
2,2.0,0.5,0.2773231581499833,0.052845528455284556,0.0007336757153338225,0.0014472585583078206,116623.890625
3,0.001,0.3,0.16982216304999292,0.07723577235772358,0.0007242785804139824,0.0014350995128214813,84078.78125
3,0.01,0.1,0.4566106665568625,0.016260162601626018,0.0010911074740861974,0.0020449897750511245,31043.34375
2,2.0,0.9,0.19003287261347573,0.2804878048780488,0.0021515434985968193,0.0042703304864463425,131496.75
3,0.02,0.0001,0.47272007722890963,0.008130081300813009,0.0008968609865470852,0.0016155088852988692,15661.109375
3,0.02,0.001,0.5007167007517008,0.008130081300813009,0.008333333333333333,0.008230452674897118,7806.90625
3,0.02,0.005,0.5015252480887217,0.012195121951219513,0.009146341463414634,0.010452961672473868,5845.609375
2,2.0,0.7,0.20615086173371583,0.11382113821138211,0.0011217948717948717,0.0022216932476394505,153151.375
3,0.02,0.01,0.49930240059294234,0.012195121951219513,0.006172839506172839,0.00819672131147541,6902.5625
3,0.02,0.02,0.4929367345164729,0.008130081300813009,0.0025220680958385876,0.0038498556304138597,8792.390625
3,0.001,0.9,0.18337919943633876,0.27235772357723576,0.0020773905494232917,0.004123330666502554,108919.234375
3,0.02,0.05,0.47813650941799235,0.008130081300813009,0.001084010840108401,0.001912960306073649,18301.578125
3,0.01,0.3,0.35943103156411416,0.02032520325203252,0.00046646142364026495,0.0009119927040583675,82360.265625
3,0.02,0.007,0.500582648201271,0.012195121951219513,0.007594936708860759,0.0093603744149766,42112.25
3,0.02,0.1,0.45672321579715514,0.016260162601626018,0.0010934937124111536,0.002049180327868852,30422.015625
3,0.001,0.5,0.17521045792900247,0.07723577235772358,0.0007350096711798839,0.0014561618638871858,156230.546875
3,0.001,0.7,0.17686072260272406,0.10569105691056911,0.0009719262831296027,0.0019261399414749788,169417.140625
3,0.03,0.005,0.5017222092592338,0.012195121951219513,0.009554140127388535,0.010714285714285713,5944.984375
3,0.01,0.5,0.27588815533625227,0.052845528455284556,0.0007294764603557601,0.0014390878397077546,115497.140625
3,0.01,0.9,0.18623513640876418,0.27235772357723576,0.002090548847077912,0.004149249109769314,105110.53125
3,0.03,0.007,0.5006951974415635,0.012195121951219513,0.007751937984496124,0.00947867298578199,13307.828125
3,0.03,0.01,0.4994008811781984,0.012195121951219513,0.006263048016701462,0.008275862068965517,8725.484375
3,0.03,0.001,0.501110623092725,0.008130081300813009,0.009433962264150943,0.008733624454148471,43915.71875
3,0.03,0.0001,0.49971782624410377,0.008130081300813009,0.006430868167202572,0.00718132854578097,47970.078125
3,0.01,0.7,0.20483584281537806,0.10975609756097561,0.0010839890798137145,0.0021467758606980997,126385.5
3,0.03,0.02,0.4929508031715095,0.008130081300813009,0.0025252525252525255,0.0038535645472061657,10930.375
3,0.02,0.3,0.35943103156411416,0.02032520325203252,0.00046646142364026495,0.0009119927040583675,83014.34375
3,0.03,0.05,0.4781505780730289,0.008130081300813009,0.0010845986984815619,0.0019138755980861245,19113.0625
3,0.5,0.0001,0.501546751398859,0.008130081300813009,0.011049723756906077,0.00936768149882904,6022.8125
3,0.5,0.001,0.501279446953164,0.008130081300813009,0.01,0.008968609865470854,7038.5
3,0.5,0.005,0.5017784838793802,0.012195121951219513,0.00967741935483871,0.01079136690647482,6458.71875
3,0.5,0.007,0.5007655407167465,0.012195121951219513,0.007853403141361256,0.009554140127388536,7504.1875
3,0.03,0.1,0.45673728445219175,0.016260162601626018,0.0010937927262783702,0.0020497053548552396,32037.0625
3,0.5,0.01,0.49944308714330815,0.012195121951219513,0.0063025210084033615,0.008310249307479225,8295.171875
3,0.5,0.02,0.49297894048158264,0.008130081300813009,0.002531645569620253,0.0038610038610038615,10896.84375
3,0.5,0.05,0.4781646467280655,0.008130081300813009,0.0010851871947911015,0.0019147917663954047,18652.9375
3,0.02,0.5,0.275930361301362,0.052845528455284556,0.0007295992816253227,0.0014393268379096543,116445.28125
3,0.5,0.1,0.4567513531072283,0.016260162601626018,0.0010940919037199124,0.0020502306509482316,31727.390625
3,0.02,0.9,0.18623513640876418,0.27235772357723576,0.002090548847077912,0.004149249109769314,109122.484375
3,1.0,0.0001,0.501546751398859,0.008130081300813009,0.011049723756906077,0.00936768149882904,5916.6875
3,1.0,0.001,0.501279446953164,0.008130081300813009,0.01,0.008968609865470854,7122.125
3,0.02,0.7,0.20482177416034147,0.10975609756097561,0.0010839455618451162,0.0021466905187835423,128916.015625
3,1.0,0.005,0.5017784838793802,0.012195121951219513,0.00967741935483871,0.01079136690647482,6424.296875
3,0.03,0.3,0.35943103156411416,0.02032520325203252,0.00046646142364026495,0.0009119927040583675,85115.765625
3,1.0,0.007,0.5007655407167465,0.012195121951219513,0.007853403141361256,0.009554140127388536,7531.734375
3,1.0,0.01,0.49944308714330815,0.012195121951219513,0.0063025210084033615,0.008310249307479225,8153.421875
3,1.0,0.02,0.49297894048158264,0.008130081300813009,0.002531645569620253,0.0038610038610038615,9764.78125
3,1.0,0.05,0.4781646467280655,0.008130081300813009,0.0010851871947911015,0.0019147917663954047,18223.875
3,0.03,0.9,0.18623513640876418,0.27235772357723576,0.002090548847077912,0.004149249109769314,106976.765625
3,0.03,0.5,0.275930361301362,0.052845528455284556,0.0007295992816253227,0.0014393268379096543,117719.71875
3,0.5,0.3,0.35944510021915077,0.02032520325203252,0.0004665049449524165,0.0009120758847136082,82685.0625
3,1.0,0.1,0.45676542176226487,0.016260162601626018,0.001094391244870041,0.002050756216354781,31337.65625
3,2.0,0.0001,0.501546751398859,0.008130081300813009,0.011049723756906077,0.00936768149882904,5809.09375
3,2.0,0.001,0.501279446953164,0.008130081300813009,0.01,0.008968609865470854,7108.484375
3,2.0,0.005,0.5017784838793802,0.012195121951219513,0.00967741935483871,0.01079136690647482,6442.9375
3,2.0,0.007,0.500779609371783,0.012195121951219513,0.007874015748031496,0.009569377990430622,7756.8125
3,2.0,0.01,0.49944308714330815,0.012195121951219513,0.0063025210084033615,0.008310249307479225,8120.453125
3,0.03,0.7,0.20483584281537806,0.10975609756097561,0.0010839890798137145,0.0021467758606980997,137811.75
3,2.0,0.02,0.49299300913661925,0.008130081300813009,0.0025348542458808617,0.003864734299516908,9798.703125
3,2.0,0.05,0.4781646467280655,0.008130081300813009,0.0010851871947911015,0.0019147917663954047,18061.375
3,0.5,0.5,0.275930361301362,0.052845528455284556,0.0007295992816253227,0.0014393268379096543,116438.46875
3,2.0,0.1,0.45676542176226487,0.016260162601626018,0.001094391244870041,0.002050756216354781,30084.78125
3,1.0,0.3,0.35944510021915077,0.02032520325203252,0.0004665049449524165,0.0009120758847136082,84095.796875
4,0.001,0.0001,0.2324052596181561,0.3048780487804878,0.0025057632554876213,0.004970673029128144,10.328125
4,0.001,0.001,0.20523342529429797,0.21544715447154472,0.0018491382318051777,0.00366680503666805,83.828125
3,0.5,0.9,0.18623513640876418,0.27235772357723576,0.002090548847077912,0.004149249109769314,108178.96875
4,0.001,0.005,0.43425717501406863,0.0,0.0,0.0,408.375
4,0.001,0.007,0.20896276267208366,0.06097560975609756,0.0006559097468188378,0.0012978585334198572,567.53125
4,0.001,0.01,0.16504568309611065,0.15040650406504066,0.0012675139597821247,0.002513843122600809,801.3125
4,0.001,0.02,0.19376907274981586,0.1991869918699187,0.0016957951202630213,0.0033629594042757626,1656.15625
4,0.001,0.05,0.19388665467971505,0.21951219512195122,0.0018234618761396636,0.0036168787675820496,4619.1875
3,0.5,0.7,0.20483584281537806,0.10975609756097561,0.0010839890798137145,0.0021467758606980997,126875.921875
4,0.001,0.1,0.38847033686994153,0.0040650406504065045,0.0001238696890870804,0.00024041351123933166,14022.296875
3,1.0,0.5,0.275930361301362,0.052845528455284556,0.0007295992816253227,0.0014393268379096543,116121.375
3,2.0,0.3,0.35944510021915077,0.02032520325203252,0.0004665049449524165,0.0009120758847136082,83383.9375
4,0.01,0.0001,0.21799586861935022,0.12195121951219512,0.0012290548568151091,0.0024335834516325287,25.328125
4,0.01,0.001,0.24285095003454255,0.09349593495934959,0.0010636330003699593,0.0021033379058070416,146.65625
3,1.0,0.9,0.18623513640876418,0.27235772357723576,0.002090548847077912,0.004149249109769314,106023.3125
4,0.01,0.005,0.3808939658051617,0.008130081300813009,0.00022838871759735068,0.0004442963456625569,1043.734375
4,0.01,0.007,0.4345733194248093,0.0040650406504065045,0.0002085070892410342,0.0003966679888932963,1536.453125
4,0.01,0.01,0.4339120926380901,0.0040650406504065045,0.00020648358455502787,0.0003930045195519748,2241.6875
3,1.0,0.7,0.20483584281537806,0.10975609756097561,0.0010839890798137145,0.0021467758606980997,126362.46875
1,0.5,0.7,0.2806018410493616,0.2601626016260163,0.002569765107408151,0.005089260864379151,1057347.046875
4,0.001,0.3,0.2785362651037878,0.02032520325203252,0.0003036007043536341,0.0005982650314089142,76682.40625
4,0.01,0.05,0.46923848543493873,0.0040650406504065045,0.0004288164665523156,0.0007757951900698217,29126.546875
4,0.01,0.1,0.44966898627905805,0.0040650406504065045,0.00026860059092130003,0.0005039052658100278,24911.0625
3,2.0,0.5,0.275930361301362,0.052845528455284556,0.0007295992816253227,0.0014393268379096543,114303.390625
4,0.02,0.0001,0.49534990918282845,0.0040650406504065045,0.0021008403361344537,0.002770083102493075,89.609375
4,0.02,0.001,0.4905524978153552,0.0040650406504065045,0.0012239902080783353,0.0018814675446848542,244.78125
4,0.02,0.005,0.49810736556999785,0.0040650406504065045,0.0035714285714285713,0.0038022813688212928,1516.71875
4,0.01,0.02,0.4738248669768633,0.0040650406504065045,0.0004985044865403788,0.0008880994671403196,46960.96875
4,0.02,0.007,0.4966301567911571,0.0040650406504065045,0.0025974025974025974,0.003169572107765452,1937.984375
3,2.0,0.9,0.18623513640876418,0.27235772357723576,0.002090548847077912,0.004149249109769314,103726.96875
3,2.0,0.7,0.20483584281537806,0.10975609756097561,0.0010839890798137145,0.0021467758606980997,125226.78125
4,0.001,0.5,0.09271369486345399,0.13008130081300814,0.0009522392501115905,0.001890638385867478,110698.09375
4,0.02,0.05,0.47715913822053246,0.0040650406504065045,0.0005652911249293386,0.0009925558312655087,30160.984375
4,0.02,0.02,0.4910026947765257,0.0040650406504065045,0.0012738853503184713,0.0019398642095053344,39252.140625
4,0.02,0.01,0.49580010614399894,0.0040650406504065045,0.0022522522522522522,0.002898550724637681,42479.6875
4,0.02,0.1,0.4522716874608251,0.0040650406504065045,0.0002826455624646693,0.0005285412262156448,26041.265625
4,0.03,0.0001,0.49534990918282845,0.0040650406504065045,0.0021008403361344537,0.002770083102493075,90.875
4,0.03,0.001,0.5002176638254846,0.0040650406504065045,0.007692307692307693,0.0053191489361702135,370.125
4,0.03,0.005,0.4986419744613878,0.0040650406504065045,0.004132231404958678,0.004098360655737705,1714.890625
4,0.03,0.007,0.497600893988681,0.0040650406504065045,0.0031645569620253164,0.0035587188612099647,2421.1875
4,0.001,0.9,0.1140980505190533,0.13008130081300814,0.0009973507869721053,0.001979524295567721,118784.609375
4,0.01,0.3,0.3609363776530281,0.02032520325203252,0.00047116471918582736,0.0009209799226376864,95212.71875
4,0.001,0.7,0.11190597105745959,0.17479674796747968,0.0012706480304955528,0.0025229559656173906,164740.75
4,0.03,0.01,0.4961518225199134,0.0040650406504065045,0.002386634844868735,0.0030075187969924814,41573.234375
4,0.01,0.5,0.2697276857405603,0.036585365853658534,0.0005091361656389659,0.0010042961557774925,114304.9375
4,0.03,0.05,0.47748271728637376,0.0040650406504065045,0.000572737686139748,0.0010040160642570282,29704.84375
4,0.01,0.9,0.12945118519840235,0.15853658536585366,0.0012182931400724728,0.002418004836009672,103994.734375
4,0.03,0.02,0.49138254846251334,0.0040650406504065045,0.0013192612137203166,0.0019920318725099597,38378.890625
4,0.5,0.0001,0.5008366846470941,0.0040650406504065045,0.011627906976744186,0.006024096385542169,668.96875
4,0.5,0.001,0.5006115861665088,0.0040650406504065045,0.00980392156862745,0.005747126436781609,857.40625
4,0.5,0.005,0.4988670729419731,0.0040650406504065045,0.004424778761061947,0.0042372881355932195,2305.75
4,0.5,0.007,0.49771344322897365,0.0040650406504065045,0.003246753246753247,0.0036101083032490976,2777.25
4,0.02,0.3,0.3609223089979915,0.02032520325203252,0.000471120324130783,0.0009208951100469656,93054.546875
4,0.5,0.01,0.49620809714005976,0.0040650406504065045,0.0024096385542168677,0.0030257186081694403,3823.3125
4,0.5,0.02,0.4914950977028059,0.0040650406504065045,0.0013333333333333333,0.0020080321285140565,6336.796875
4,0.03,0.1,0.4523701680460811,0.0040650406504065045,0.0002832058906825262,0.0005295207836907599,38162.265625
4,0.5,0.05,0.4774967859414103,0.0040650406504065045,0.0005730659025787965,0.001004520341536916,14454.0625
4,0.01,0.7,0.17929940385504023,0.056910569105691054,0.0005637886597938144,0.001116516468617912,152452.984375
4,0.5,0.1,0.4523983053561543,0.0040650406504065045,0.00028336639274582036,0.0005298013245033113,26124.03125
4,0.02,0.5,0.2697136170855237,0.036585365853658534,0.0005091073650865483,0.0010042401249721045,111830.609375
4,1.0,0.0001,0.5008507533021307,0.0040650406504065045,0.011764705882352941,0.006042296072507553,686.390625
4,0.02,0.9,0.12945118519840235,0.15853658536585366,0.0012182931400724728,0.002418004836009672,102996.375
4,1.0,0.001,0.5006115861665088,0.0040650406504065045,0.00980392156862745,0.005747126436781609,856.671875
4,1.0,0.005,0.4988670729419731,0.0040650406504065045,0.004424778761061947,0.0042372881355932195,1851.640625
4,1.0,0.007,0.49771344322897365,0.0040650406504065045,0.003246753246753247,0.0036101083032490976,2428.875
4,1.0,0.01,0.4962362344501329,0.0040650406504065045,0.002421307506053269,0.0030349013657056147,3348.0
4,1.0,0.02,0.4914950977028059,0.0040650406504065045,0.0013333333333333333,0.0020080321285140565,6075.59375
4,1.0,0.05,0.47751085459644693,0.0040650406504065045,0.0005733944954128441,0.0010050251256281406,14399.390625
4,0.02,0.7,0.17929940385504023,0.056910569105691054,0.0005637886597938144,0.001116516468617912,128452.859375
4,0.03,0.3,0.3609223089979915,0.02032520325203252,0.000471120324130783,0.0009208951100469656,94089.3125
4,1.0,0.1,0.45241237401119083,0.0040650406504065045,0.0002834467120181406,0.0005299417064122947,26928.984375
4,0.5,0.3,0.3609504463080646,0.02032520325203252,0.0004712091226086137,0.0009210647508519848,77514.8125
4,2.0,0.0001,0.5008366846470941,0.0040650406504065045,0.011627906976744186,0.006024096385542169,524.78125
4,2.0,0.001,0.5006115861665088,0.0040650406504065045,0.00980392156862745,0.005747126436781609,847.375
4,2.0,0.005,0.4988670729419731,0.0040650406504065045,0.004424778761061947,0.0042372881355932195,1852.84375
4,2.0,0.007,0.4977275118840102,0.0040650406504065045,0.003257328990228013,0.003616636528028933,2433.484375
4,2.0,0.01,0.4962362344501329,0.0040650406504065045,0.002421307506053269,0.0030349013657056147,3828.453125
4,0.03,0.9,0.12945118519840235,0.15853658536585366,0.0012182931400724728,0.002418004836009672,104224.75
4,2.0,0.02,0.49150916635784253,0.0040650406504065045,0.0013351134846461949,0.0020100502512562816,6315.859375
4,2.0,0.05,0.47751085459644693,0.0040650406504065045,0.0005733944954128441,0.0010050251256281406,13720.796875
4,0.03,0.7,0.17929940385504023,0.056910569105691054,0.0005637886597938144,0.001116516468617912,132474.4375
4,2.0,0.1,0.45241237401119083,0.0040650406504065045,0.0002834467120181406,0.0005299417064122947,26798.640625
4,0.03,0.5,0.26976989170567,0.036585365853658534,0.0005092225868507412,0.0010044642857142858,143000.84375
4,0.5,0.5,0.2697839603607066,0.036585365853658534,0.0005092514004413513,0.0010045203415369162,112519.625
5,0.001,0.0001,0.3789537495825155,0.6382113821138211,0.004993162230067106,0.009908801161286252,10.03125
5,0.001,0.001,0.3449309377730806,0.6869918699186992,0.004746257758305951,0.009427384040387137,92.59375
5,0.001,0.005,0.2941906748836763,0.5609756097560976,0.0039764868603042874,0.007896995708154506,523.578125
4,1.0,0.3,0.3609504463080646,0.02032520325203252,0.0004712091226086137,0.0009210647508519848,75200.75
5,0.001,0.007,0.1815314016955589,0.32113821138211385,0.002314746989363884,0.004596363636363636,761.796875
5,0.001,0.01,0.3353310823485275,0.6666666666666666,0.004611664135875372,0.009159964253798034,832.984375
5,0.001,0.02,0.46916127940120145,0.9308943089430894,0.006449795803407971,0.012810830466280662,1957.3125
5,0.001,0.05,0.32413563556006975,0.6341463414634146,0.004432573734159232,0.008803611738148984,4749.25
4,0.5,0.9,0.12945118519840235,0.15853658536585366,0.0012182931400724728,0.002418004836009672,103856.515625
5,0.001,0.1,0.31503664713068064,0.17073170731707318,0.0021810250817884407,0.004307029687740348,16630.109375
4,0.5,0.7,0.17931347251007682,0.056910569105691054,0.0005638113648262253,0.0011165609921441962,132422.203125
5,0.001,0.3,0.18029907901780198,0.04878048780487805,0.0004903964037597057,0.0009710309111506715,23598.703125
5,0.01,0.0001,0.23967074772042035,0.3861788617886179,0.0029389926989234006,0.005833589192508443,664.8125
5,0.01,0.001,0.22762191690571942,0.3048780487804878,0.002477618843117175,0.004915293115312776,974.390625
5,0.01,0.005,0.18823380045843227,0.04878048780487805,0.0005019660336317242,0.0009937065253395165,2858.625
4,1.0,0.5,0.2697839603607066,0.036585365853658534,0.0005092514004413513,0.0010045203415369162,112517.796875
5,0.01,0.007,0.3149178070283798,0.02032520325203252,0.00036015270474681264,0.0007077641729775639,7136.96875
5,0.01,0.01,0.3429359338613082,0.016260162601626018,0.00034054146092286734,0.0006671114076050701,4180.515625
5,0.01,0.02,0.2993785772128965,0.024390243902439025,0.0003964845040639662,0.0007802848039534431,5960.65625
4,1.0,0.9,0.12945118519840235,0.15853658536585366,0.0012182931400724728,0.002418004836009672,103107.0
4,2.0,0.3,0.3609504463080646,0.02032520325203252,0.0004712091226086137,0.0009210647508519848,74872.5
5,0.001,0.5,0.188519519972915,0.3617886178861789,0.002536551999315986,0.005037783375314862,47838.921875
5,0.01,0.05,0.40552074611911004,0.012195121951219513,0.00041946308724832214,0.0008110300081103001,19952.84375
4,1.0,0.7,0.17931347251007682,0.056910569105691054,0.0005638113648262253,0.0011165609921441962,127783.859375
5,0.02,0.0001,0.1625800083268137,0.044715447154471545,0.00042995622263914947,0.000851722802942315,1519.0625
5,0.02,0.001,0.4442236161247375,0.012195121951219513,0.0006816632583503749,0.001291155584247902,10796.953125
5,0.001,0.7,0.12128496003586935,0.22357723577235772,0.001575028636884307,0.0031280213842916453,67165.90625
5,0.02,0.005,0.48298356140567594,0.0040650406504065045,0.0007380073800738007,0.0012492192379762648,13170.859375
5,0.01,0.1,0.44109294005151645,0.016260162601626018,0.000838750262109457,0.0015952143569292123,46411.59375
5,0.02,0.007,0.48829407835440203,0.008130081300813009,0.0017809439002671415,0.002921840759678597,6513.1875
4,2.0,0.5,0.2697839603607066,0.036585365853658534,0.0005092514004413513,0.0010045203415369162,111733.171875
5,0.02,0.01,0.4904954225400442,0.012195121951219513,0.002697841726618705,0.004418262150220913,12993.984375
5,0.02,0.02,0.48862429142017927,0.012195121951219513,0.0024096385542168677,0.004024144869215292,11416.984375
4,2.0,0.9,0.12945118519840235,0.15853658536585366,0.0012182931400724728,0.002418004836009672,102146.890625
5,0.001,0.9,0.10232075618448926,0.07723577235772358,0.00061229093487158,0.0012149502829555262,83303.09375
4,2.0,0.7,0.17931347251007682,0.056910569105691054,0.0005638113648262253,0.0011165609921441962,128075.65625
5,0.01,0.3,0.3667939708378513,0.04065040650406504,0.0009154994049253868,0.0017906706061420004,79135.71875
5,0.03,0.0001,0.43480505190533053,0.008130081300813009,0.0004060913705583756,0.0007735447689035001,4474.03125
5,0.02,0.05,0.4775026192861816,0.016260162601626018,0.0018340210912425492,0.003296250515039143,58192.71875
5,0.01,0.9,0.10877426557045536,0.11788617886178862,0.000905485996190714,0.001797167911257088,104729.0625
5,0.03,0.001,0.4969810725119069,0.012195121951219513,0.004608294930875576,0.006688963210702341,49801.96875
5,0.03,0.005,0.49499075815181337,0.008130081300813009,0.0030911901081916537,0.004479283314669653,53423.015625
5,0.02,0.3,0.3680460811361068,0.04065040650406504,0.0009230201218386561,0.0018050541516245488,87475.921875
5,0.03,0.01,0.49485670560138356,0.012195121951219513,0.003740648379052369,0.0057251908396946565,23692.5
5,0.01,0.7,0.17967182288592723,0.06097560975609756,0.0006011783094865938,0.0011906179307060365,137251.96875
5,0.02,0.1,0.45420492654560757,0.016260162601626018,0.0010424811050299713,0.0019593436198873378,104248.890625
5,0.03,0.02,0.4902984613695321,0.012195121951219513,0.0026642984014209592,0.004373177842565598,31452.96875
5,0.03,0.007,0.49609474724460245,0.012195121951219513,0.004201680672268907,0.00625,59042.0
5,0.5,0.0001,0.49986514679440547,0.012195121951219513,0.006726457399103139,0.008670520231213872,10726.75
5,0.02,0.5,0.26637271184191863,0.032520325203252036,0.0004501969611705121,0.0008880994671403197,114783.015625
5,0.03,0.05,0.47837487589844946,0.016260162601626018,0.0018876828692779614,0.0033826638477801275,41894.96875
5,0.5,0.001,0.5015600193987308,0.016260162601626018,0.008492569002123142,0.01115760111576011,9724.09375
5,0.02,0.9,0.10878833422549194,0.11788617886178862,0.0009055142696559045,0.001797223599405057,106786.453125
5,0.5,0.005,0.49593335803926414,0.008130081300813009,0.0034482758620689655,0.004842615012106538,13411.640625
5,0.02,0.7,0.1797421661611101,0.06097560975609756,0.0006012988054197065,0.0011908542394410925,126458.703125
5,0.5,0.007,0.4968544546165777,0.012195121951219513,0.004545454545454545,0.006622516556291392,14158.65625
5,0.03,0.1,0.4543174757859002,0.016260162601626018,0.0010446591799425438,0.00196319018404908,48368.078125
5,0.5,0.01,0.4952928339075175,0.012195121951219513,0.0038910505836575876,0.0058997050147492625,13837.65625
5,0.5,0.02,0.49063610909041,0.012195121951219513,0.0027223230490018148,0.004451038575667656,15467.453125
5,0.01,0.5,0.2656130044699434,0.032520325203252036,0.0004488330341113106,0.0008854454897620364,197055.3125
5,0.5,0.05,0.4786140430340713,0.016260162601626018,0.0019029495718363464,0.003407155025553663,28843.359375
5,1.0,0.0001,0.49986514679440547,0.012195121951219513,0.006726457399103139,0.008670520231213872,9620.640625
5,0.5,0.1,0.4563781334211766,0.02032520325203252,0.0013061650992685476,0.002454590083456063,36235.796875
5,1.0,0.001,0.5015600193987308,0.016260162601626018,0.008492569002123142,0.01115760111576011,8901.984375
5,1.0,0.005,0.49593335803926414,0.008130081300813009,0.0034482758620689655,0.004842615012106538,12473.890625
5,0.03,0.3,0.3681164244112897,0.04065040650406504,0.0009234463015975621,0.0018058690744920992,82494.328125
5,1.0,0.007,0.49686852327161424,0.012195121951219513,0.004552352048558422,0.006629834254143647,13063.1875
5,1.0,0.01,0.49530690256255405,0.012195121951219513,0.003896103896103896,0.005905511811023621,13203.234375
5,1.0,0.02,0.49063610909041,0.012195121951219513,0.0027223230490018148,0.004451038575667656,14701.40625
5,1.0,0.05,0.47862811168910785,0.016260162601626018,0.0019038553069966682,0.003408606731998296,29191.8125
5,0.03,0.9,0.10878833422549194,0.11788617886178862,0.0009055142696559045,0.001797223599405057,99140.296875
5,0.03,0.5,0.26637271184191863,0.032520325203252036,0.0004501969611705121,0.0008880994671403197,111184.03125
5,1.0,0.1,0.4563781334211766,0.02032520325203252,0.0013061650992685476,0.002454590083456063,36735.21875
5,0.5,0.3,0.36815863037639945,0.04065040650406504,0.0009237021984112322,0.0018063583815028901,82131.09375
5,2.0,0.0001,0.49986514679440547,0.012195121951219513,0.006726457399103139,0.008670520231213872,9914.828125
5,2.0,0.001,0.5015600193987308,0.016260162601626018,0.008492569002123142,0.01115760111576011,9062.71875
5,0.03,0.7,0.1797421661611101,0.06097560975609756,0.0006012988054197065,0.0011908542394410925,122853.765625
5,2.0,0.005,0.49593335803926414,0.008130081300813009,0.0034482758620689655,0.004842615012106538,12698.546875
5,2.0,0.007,0.49686852327161424,0.012195121951219513,0.004552352048558422,0.006629834254143647,12754.953125
5,2.0,0.01,0.49530690256255405,0.012195121951219513,0.003896103896103896,0.005905511811023621,13385.40625
5,2.0,0.02,0.49063610909041,0.012195121951219513,0.0027223230490018148,0.004451038575667656,14993.75
5,0.5,0.9,0.10878833422549194,0.11788617886178862,0.0009055142696559045,0.001797223599405057,97329.59375
5,0.5,0.5,0.2664289864620649,0.032520325203252036,0.00045029832263874815,0.0008882966910948256,109407.21875
5,2.0,0.05,0.47862811168910785,0.016260162601626018,0.0019038553069966682,0.003408606731998296,30286.1875
6,0.001,0.0001,0.27787641086877946,0.4349593495934959,0.0034126427250111627,0.006772151898734177,9.75
6,0.001,0.001,0.18295668226800443,0.13414634146341464,0.0012071992976294996,0.0023928649118990647,71.671875
6,0.001,0.005,0.44264209341586946,0.0,0.0,0.0,353.890625
6,0.001,0.007,0.1934755754423048,0.036585365853658534,0.00038966099493440706,0.0007711091119393394,487.65625
6,0.001,0.01,0.13925337762100187,0.052845528455284556,0.00047216067991137905,0.0009359588178120162,732.8125
6,0.001,0.02,0.15580555059911882,0.04878048780487805,0.0004578230513906375,0.0009071323279283365,1487.359375
5,0.5,0.7,0.179812509436293,0.06097560975609756,0.0006014193496652099,0.001191090641997856,118900.046875
5,1.0,0.3,0.36815863037639945,0.04065040650406504,0.0009237021984112322,0.0018063583815028901,82102.109375
6,0.001,0.05,0.1614470812687868,0.04878048780487805,0.0004649360712901976,0.00092109303039607,3543.453125
5,2.0,0.1,0.4563781334211766,0.02032520325203252,0.0013061650992685476,0.002454590083456063,36999.5
6,0.001,0.1,0.41391389983117616,0.0,0.0,0.0,6982.71875
6,0.001,0.3,0.19698530454634877,0.04065040650406504,0.00043491497412255904,0.0008606222298721976,20964.8125
6,0.01,0.0001,0.3495056526254627,0.6626016260162602,0.004737132726902845,0.009407011975183956,10.421875
6,0.01,0.001,0.32884337354909843,0.5447154471544715,0.0042326036829969365,0.008399937313900645,89.234375
6,0.01,0.005,0.4368243042306619,0.0040650406504065045,0.00021570319240724764,0.0004096681687832856,532.609375
6,0.01,0.007,0.2721439486482653,0.21544715447154472,0.0022170166485401153,0.004388870486916197,750.0625
6,0.01,0.01,0.22730600125359723,0.3699186991869919,0.0027896140522975996,0.005537469194024401,1140.921875
6,0.01,0.02,0.20771557068412552,0.2967479674796748,0.0023252110208631946,0.004614266300053727,2697.640625
5,1.0,0.5,0.2664289864620649,0.032520325203252036,0.00045029832263874815,0.0008882966910948256,111690.203125
6,0.001,0.5,0.2876835216016764,0.5650406504065041,0.003936338921613049,0.00781821249789077,37734.421875
6,0.01,0.05,0.21750266503790533,0.13008130081300814,0.001293713361633313,0.0025619470797806332,17689.21875
5,1.0,0.9,0.10878833422549194,0.11788617886178862,0.0009055142696559045,0.001797223599405057,98468.953125
6,0.01,0.1,0.26880498785291734,0.04878048780487805,0.0006601023158589581,0.0013025780189959294,18928.4375
5,2.0,0.3,0.36815863037639945,0.04065040650406504,0.0009237021984112322,0.0018063583815028901,85132.640625
6,0.02,0.0001,0.2225598318166637,0.34959349593495936,0.00266823865222922,0.005296055670166579,22.453125
6,0.02,0.001,0.21014212772966223,0.08536585365853659,0.000887648998224702,0.0017570281124497994,174.6875
6,0.02,0.005,0.26073038051708597,0.04065040650406504,0.0005416531253385332,0.0010690613641223005,928.421875
6,0.02,0.007,0.4322097853786641,0.0040650406504065045,0.000201450443190975,0.00038387715930902113,1612.015625
6,0.001,0.7,0.08339098050519053,0.08130081300813008,0.0006149683291310498,0.0012207031250000002,51644.953125
5,1.0,0.7,0.179812509436293,0.06097560975609756,0.0006014193496652099,0.001191090641997856,121056.953125
6,0.02,0.01,0.35003397065484443,0.012195121951219513,0.00027036770007209804,0.0005290072297654734,2119.875
5,2.0,0.9,0.10878833422549194,0.11788617886178862,0.0009055142696559045,0.001797223599405057,99820.59375
6,0.02,0.02,0.3902562554044224,0.012195121951219513,0.0003642102707296346,0.0007072969468348461,26437.71875
6,0.02,0.1,0.43973651582323364,0.0040650406504065045,0.00022578460149017836,0.000427807486631016,25213.734375
6,0.02,0.05,0.4353893014169309,0.0040650406504065045,0.00021105951878429716,0.00040128410914927763,28576.015625
5,2.0,0.5,0.2664289864620649,0.032520325203252036,0.00045029832263874815,0.0008882966910948256,115995.40625
6,0.03,0.0001,0.3846569306998641,0.012195121951219513,0.0003474232773595831,0.0006755995946402431,78.59375
6,0.03,0.001,0.3005818475461063,0.02032520325203252,0.00033552543282780835,0.0006601531555320834,186.015625
6,0.03,0.005,0.46987820891152077,0.008130081300813009,0.0008223684210526315,0.001493651979088872,1300.71875
6,0.03,0.007,0.49232514834996405,0.0040650406504065045,0.001447178002894356,0.002134471718249733,2018.796875
6,0.001,0.9,0.11013789569522033,0.056910569105691054,0.00047061987360494823,0.0009335200373408014,87429.125
5,2.0,0.7,0.179812509436293,0.06097560975609756,0.0006014193496652099,0.001191090641997856,126089.78125
6,0.03,0.01,0.4867961669205887,0.0040650406504065045,0.0009225092250922509,0.0015037593984962407,24396.0625
6,0.03,0.02,0.48765435487782,0.0040650406504065045,0.0009775171065493646,0.0015760441292356185,22976.4375
6,0.03,0.05,0.4748940847596433,0.0040650406504065045,0.0005181347150259067,0.0009191176470588236,14889.578125
6,0.01,0.3,0.36195595481559767,0.024390243902439025,0.0005615348619560131,0.0010977952611837892,103134.0
6,0.03,0.1,0.45104771447264275,0.0040650406504065045,0.00027586206896551725,0.0005166623611469904,28977.515625
6,0.01,0.5,0.25038328506526486,0.036585365853658534,0.0004723913499895024,0.000932739143952741,106237.046875
6,0.5,0.0001,0.4999503593797896,0.0040650406504065045,0.006711409395973154,0.005063291139240507,1840.609375
6,0.5,0.001,0.4996971235891312,0.0040650406504065045,0.005988023952095809,0.004842615012106539,2002.609375
6,0.5,0.005,0.4978541297793394,0.0040650406504065045,0.003355704697986577,0.0036764705882352945,2922.171875
6,0.5,0.007,0.4967708433415229,0.0040650406504065045,0.0026666666666666666,0.00322061191626409,2956.5
6,0.01,0.9,0.10249381207937008,0.10569105691056911,0.0008115616318631582,0.0016107548864727566,104738.765625
6,0.5,0.01,0.4953077032177187,0.0040650406504065045,0.0020876826722338203,0.0027586206896551726,5117.25
6,0.5,0.02,0.4903133306797333,0.0040650406504065045,0.001199040767386091,0.0018518518518518515,8758.09375
6,0.01,0.7,0.17479080024339919,0.052845528455284556,0.0005198544407565882,0.001029580643883895,122120.984375
6,0.5,0.05,0.4757241354068014,0.0040650406504065045,0.0005344735435595938,0.0009447331128956069,17153.71875
6,0.02,0.9,0.10256415535455299,0.10569105691056911,0.0008116883116883117,0.0016110043992812444,103088.921875
6,0.5,0.1,0.4515260487438864,0.0040650406504065045,0.000278473962684489,0.0005212405525149857,29097.765625
6,0.02,0.5,0.26735751769447913,0.032520325203252036,0.0004519774011299435,0.0008915635796277723,113139.03125
6,1.0,0.0001,0.4999503593797896,0.0040650406504065045,0.006711409395973154,0.005063291139240507,1720.546875
6,1.0,0.001,0.4996971235891312,0.0040650406504065045,0.005988023952095809,0.004842615012106539,2006.546875
6,1.0,0.005,0.497868198434376,0.0040650406504065045,0.003367003367003367,0.0036832412523020264,2930.78125
6,1.0,0.007,0.4967708433415229,0.0040650406504065045,0.0026666666666666666,0.00322061191626409,2888.84375
6,0.02,0.3,0.3619418861605611,0.024390243902439025,0.0005614823133071309,0.0010976948408342481,130345.78125
6,1.0,0.01,0.4953077032177187,0.0040650406504065045,0.0020876826722338203,0.0027586206896551726,5242.1875
6,0.03,0.3,0.36195595481559767,0.024390243902439025,0.0005615348619560131,0.0010977952611837892,97752.546875
6,0.02,0.7,0.1760710478517278,0.052845528455284556,0.0005217530903836892,0.0010333041888562118,128733.03125
6,1.0,0.02,0.4903133306797333,0.0040650406504065045,0.001199040767386091,0.0018518518518518515,8781.34375
6,1.0,0.05,0.4757241354068014,0.0040650406504065045,0.0005344735435595938,0.0009447331128956069,16894.859375
6,0.03,0.5,0.2673715863495157,0.032520325203252036,0.00045200293801909714,0.0008916132627472833,118647.96875
6,1.0,0.1,0.4515260487438864,0.0040650406504065045,0.000278473962684489,0.0005212405525149857,29275.5
6,2.0,0.0001,0.4999503593797896,0.0040650406504065045,0.006711409395973154,0.005063291139240507,1225.390625
6,2.0,0.001,0.4996971235891312,0.0040650406504065045,0.005988023952095809,0.004842615012106539,2036.828125
6,0.5,0.3,0.3620825727109269,0.024390243902439025,0.0005620082427875609,0.0010986998718183483,77399.796875
6,2.0,0.005,0.497868198434376,0.0040650406504065045,0.003367003367003367,0.0036832412523020264,2910.671875
6,2.0,0.007,0.4967708433415229,0.0040650406504065045,0.0026666666666666666,0.00322061191626409,2853.359375
6,2.0,0.01,0.4953077032177187,0.0040650406504065045,0.0020876826722338203,0.0027586206896551726,5114.671875
6,0.03,0.9,0.1025500866995164,0.10569105691056911,0.000811662972559548,0.0016109544905356424,105216.71875
6,2.0,0.02,0.4903133306797333,0.0040650406504065045,0.001199040767386091,0.0018518518518518515,8718.5625
6,2.0,0.05,0.4757241354068014,0.0040650406504065045,0.0005344735435595938,0.0009447331128956069,16954.765625
6,0.03,0.7,0.1760851165067644,0.052845528455284556,0.0005217740317078065,0.001033345256547832,128125.921875
6,2.0,0.1,0.4515260487438864,0.0040650406504065045,0.000278473962684489,0.0005212405525149857,28858.0625
6,0.5,0.5,0.2673715863495157,0.032520325203252036,0.00045200293801909714,0.0008916132627472833,113096.984375
7,0.001,0.0001,0.38260919792653186,0.6626016260162602,0.0050848515098577485,0.010092254349575877,9.453125
7,0.001,0.001,0.3993390019718993,0.5691056910569106,0.005087024454053269,0.010083912558072533,75.984375
7,0.001,0.005,0.40168675167336926,0.8008130081300813,0.005526566795713404,0.010977376574166945,391.25
7,0.001,0.007,0.47485748338068634,0.9471544715447154,0.0065299030323412366,0.012970385214874194,529.40625
6,1.0,0.3,0.3620825727109269,0.024390243902439025,0.0005620082427875609,0.0010986998718183483,77903.0
7,0.001,0.01,0.40134246995255546,0.7967479674796748,0.005517241379310344,0.010958597746778116,740.578125
7,0.001,0.02,0.4148666794771493,0.8252032520325203,0.005705131808217638,0.011331919169364742,1534.34375
7,0.001,0.05,0.40168011767343337,0.7967479674796748,0.005520971240246753,0.010965955185050493,3711.84375
7,0.001,0.1,0.34010699040586356,0.6707317073170732,0.00466523410992988,0.009266018981299489,7335.765625
6,0.5,0.9,0.1025500866995164,0.10569105691056911,0.000811662972559548,0.0016109544905356424,101965.28125
7,0.001,0.3,0.25180158849984674,0.491869918699187,0.003433208489388265,0.006818822203437588,21352.375
6,0.5,0.7,0.17609918516180098,0.052845528455284556,0.0005217949747130128,0.0010333863275039745,124864.15625
7,0.01,0.0001,0.07532803985890169,0.0975609756097561,0.0007126525521869526,0.001414969194941485,1086.4375
7,0.01,0.001,0.11282786828993782,0.17073170731707318,0.0012488849241748439,0.0024796315975912147,1815.484375
7,0.01,0.005,0.25179232377579824,0.44308943089430897,0.003253828472491716,0.00646021632834494,1935.625
7,0.01,0.007,0.1427338256218803,0.21138211382113822,0.0015777177705634273,0.0031320584249360035,2947.625
6,1.0,0.5,0.2673715863495157,0.032520325203252036,0.00045200293801909714,0.0008916132627472833,112909.15625
6,2.0,0.3,0.3620825727109269,0.024390243902439025,0.0005620082427875609,0.0010986998718183483,76633.734375
7,0.01,0.01,0.2189837627132602,0.3048780487804878,0.0024283632831471587,0.004818348270212971,4280.296875
7,0.01,0.02,0.21528953978341134,0.3170731707317073,0.0024696048632218844,0.004901036757775683,5817.75
7,0.001,0.5,0.302086621738474,0.5975609756097561,0.004146451540110572,0.008235755504510058,36713.015625
7,0.01,0.05,0.13089179259828615,0.1016260162601626,0.0008368761088608442,0.00166008167601846,15329.671875
6,1.0,0.9,0.1025500866995164,0.10569105691056911,0.000811662972559548,0.0016109544905356424,104037.09375
6,1.0,0.7,0.17609918516180098,0.052845528455284556,0.0005217949747130128,0.0010333863275039745,124792.875
7,0.02,0.0001,0.07789516907549492,0.1016260162601626,0.0007431629013079667,0.001475535619429853,1465.5625
7,0.02,0.001,0.20272634521505598,0.1016260162601626,0.0010094076795736262,0.00199896054051893,3601.875
7,0.001,0.7,0.08930061627571818,0.07317073170731707,0.0005658420043381221,0.0011229996568612162,52160.1875
7,0.02,0.005,0.23404134125753187,0.04878048780487805,0.0005811138014527845,0.0011485451761102602,6433.21875
7,0.02,0.007,0.36137250595916204,0.02032520325203252,0.0004725451280597297,0.0009236168837166342,9327.484375
7,0.01,0.1,0.22611005119617883,0.08536585365853659,0.000932380233539049,0.001844613289999561,36065.171875
7,0.02,0.01,0.40285433566209605,0.016260162601626018,0.0005342593829304127,0.001034527350316824,8547.40625
7,0.02,0.02,0.3909100475360409,0.016260162601626018,0.0004798464491362764,0.000932183640177115,11750.390625
6,2.0,0.5,0.2673715863495157,0.032520325203252036,0.00045200293801909714,0.0008916132627472833,111854.3125
7,0.001,0.9,0.11982456501548697,0.052845528455284556,0.00044960918586152036,0.0008916323731138546,67209.84375
7,0.02,0.05,0.4560545543553354,0.02032520325203252,0.0012983640612827837,0.00244081034903588,36749.046875
7,0.02,0.1,0.4536620823439523,0.028455284552845527,0.0016233766233766235,0.00307152259763054,61717.765625
7,0.03,0.0001,0.13195597769145953,0.08130081300813008,0.0006879944960440316,0.0013644426251876109,4197.0625
7,0.01,0.5,0.1530547282118854,0.052845528455284556,0.0004896053028020488,0.0009702216583327112,96765.828125
7,0.01,0.3,0.12861267048236041,0.1016260162601626,0.00083236224404861,0.0016512004227073084,107929.453125
7,0.03,0.001,0.3920843799040129,0.02032520325203252,0.0005953798523457966,0.0011568718186024988,7567.8125
7,0.03,0.005,0.4893269235168435,0.02032520325203252,0.0033647375504710633,0.005773672055427252,13278.96875
7,0.01,0.9,0.09968751572715502,0.1016260162601626,0.000779034620298526,0.0015462164084485263,103055.234375
7,0.03,0.007,0.48791342401324966,0.016260162601626018,0.002775850104094379,0.004742145820983996,14792.109375
7,0.03,0.01,0.48552175265703135,0.016260162601626018,0.002482929857231533,0.004308023694130318,15052.03125
7,0.01,0.7,0.17522612789436842,0.06097560975609756,0.0005936597142517909,0.001175871124524752,110049.78125
7,0.02,0.3,0.3706686843176817,0.052845528455284556,0.0011728617827499097,0.0022947925860547216,117843.046875
7,0.02,0.9,0.09974379034730133,0.1016260162601626,0.0007791317355938542,0.00154640769492469,88842.40625
7,0.03,0.02,0.48683013757543314,0.016260162601626018,0.002635046113306983,0.0045351473922902496,52165.609375
7,0.02,0.5,0.2638966285554808,0.032520325203252036,0.0004457817898138861,0.0008795074758135443,134293.59375
7,0.02,0.7,0.17846191855278148,0.06097560975609756,0.0005991133122977992,0.001186568049677649,120696.6875
7,0.5,0.0001,0.5021782395651756,0.024390243902439025,0.008356545961002786,0.012448132780082988,19413.4375
7,0.03,0.05,0.4777550544216754,0.024390243902439025,0.0024449877750611247,0.0044444444444444444,72551.578125
7,0.5,0.001,0.5018827978094075,0.024390243902439025,0.008119079837618403,0.01218274111675127,15577.203125
7,0.5,0.005,0.4978665971240467,0.02032520325203252,0.005688282138794084,0.008888888888888889,20236.4375
7,0.03,0.1,0.458649020226837,0.032520325203252036,0.0019497928345113332,0.0036790066681995862,79319.6875
7,0.5,0.007,0.49483520229124633,0.016260162601626018,0.004214963119072708,0.0066945606694560665,24417.9375
7,0.5,0.01,0.49323137561707636,0.016260162601626018,0.0037629350893697085,0.00611153552330023,23190.71875
7,0.5,0.02,0.4886872000402615,0.016260162601626018,0.002886002886002886,0.004901960784313725,29289.203125
7,0.03,0.5,0.26400917779577343,0.032520325203252036,0.0004459805998439068,0.0008798944126704795,111020.5625
7,0.5,0.05,0.48064576270410986,0.028455284552845527,0.0029239766081871343,0.0053030303030303025,43263.90625
7,0.5,0.1,0.4591132858430441,0.032520325203252036,0.0019656019656019656,0.0037071362372567192,51109.828125
7,0.03,0.9,0.09974379034730133,0.1016260162601626,0.0007791317355938542,0.00154640769492469,88220.640625
7,1.0,0.0001,0.5021923082202122,0.024390243902439025,0.008368200836820083,0.01246105919003115,16728.015625
7,1.0,0.001,0.501896866464444,0.024390243902439025,0.008130081300813009,0.012195121951219513,13857.609375
7,0.03,0.3,0.3708375081781206,0.052845528455284556,0.0011741329479768787,0.002297225658243506,150220.859375
7,0.03,0.7,0.17849005586285463,0.06097560975609756,0.0005991611743559018,0.0011866619200189867,108919.8125
7,1.0,0.005,0.4978665971240467,0.02032520325203252,0.005688282138794084,0.008888888888888889,18147.25
7,1.0,0.007,0.49483520229124633,0.016260162601626018,0.004214963119072708,0.0066945606694560665,20930.609375
7,1.0,0.01,0.49323137561707636,0.016260162601626018,0.0037629350893697085,0.00611153552330023,19636.640625
7,0.5,0.3,0.3709219201083401,0.052845528455284556,0.0011747695644315922,0.0022984441301272984,83746.28125
7,1.0,0.02,0.4886872000402615,0.016260162601626018,0.002886002886002886,0.004901960784313725,25476.25
7,1.0,0.05,0.48064576270410986,0.028455284552845527,0.0029239766081871343,0.0053030303030303025,38380.5625
7,0.5,0.5,0.26412172703606607,0.032520325203252036,0.0004461795872838818,0.0008802816901408452,101101.8125
7,1.0,0.1,0.4591132858430441,0.032520325203252036,0.0019656019656019656,0.0037071362372567192,46232.375
7,0.5,0.9,0.0997719276573745,0.1016260162601626,0.0007791803023219573,0.0015465033559122821,78860.890625
7,2.0,0.0001,0.5021923082202122,0.024390243902439025,0.008368200836820083,0.01246105919003115,16344.484375
7,0.5,0.7,0.1785744677930741,0.06097560975609756,0.0005993048064245475,0.0011869436201780417,100146.625
7,2.0,0.001,0.501896866464444,0.024390243902439025,0.008130081300813009,0.012195121951219513,13758.0625
7,2.0,0.005,0.4978665971240467,0.02032520325203252,0.005688282138794084,0.008888888888888889,17288.546875
7,2.0,0.007,0.49483520229124633,0.016260162601626018,0.004214963119072708,0.0066945606694560665,20834.828125
7,1.0,0.3,0.3709219201083401,0.052845528455284556,0.0011747695644315922,0.0022984441301272984,82222.875
7,1.0,0.5,0.26412172703606607,0.032520325203252036,0.0004461795872838818,0.0008802816901408452,101859.46875
1,1.0,0.3,0.2596207868381441,0.09349593495934959,0.0011256851996867658,0.002224586517071283,2801552.453125
1,2.0,0.1,0.2179069958960704,0.024390243902439025,0.0002867520550563946,0.0005668398677373642,3352390.96875
8,0.001,0.0001,0.2949857254622068,0.4878048780487805,0.003746604639545412,0.007436096049573974,5.609375
8,0.001,0.001,0.1850892844887931,0.12195121951219512,0.0011215791834903544,0.002222716159146477,42.515625
8,0.001,0.005,0.4603263927968486,0.0,0.0,0.0,215.921875
8,0.001,0.007,0.10117295981626108,0.08943089430894309,0.00069732796602111,0.001383865387639566,285.984375
8,0.001,0.01,0.14590865210846818,0.044715447154471545,0.0004109230826702529,0.0008143623912641126,405.953125
8,0.001,0.02,0.1729775450540099,0.036585365853658534,0.00036653905677282725,0.0007258064516129033,823.5
8,0.001,0.05,0.2691060341948383,0.491869918699187,0.003557358734638678,0.007063631056625802,2049.5625
8,0.001,0.1,0.4249296567248171,0.0,0.0,0.0,4104.765625
8,0.001,0.3,0.20573017463432935,0.028455284552845527,0.0003191246865739685,0.0006311708218745773,12277.28125
8,0.001,0.5,0.3276371293538484,0.6504065040650406,0.0045036169673769244,0.008945293936767953,20634.671875
8,0.001,0.7,0.09385302716279836,0.06097560975609756,0.0004830762294290039,0.0009585583282742755,28975.15625
8,0.001,0.9,0.12977190478151265,0.044715447154471545,0.00039403926063906003,0.0007811945174348413,41220.78125
8,0.01,0.0001,0.2892613841726487,0.4715447154471545,0.003641614867834495,0.007227414330218069,5.859375
8,0.01,0.001,0.3067388857625211,0.5,0.0038887132469174832,0.007717404944158614,47.125
8,0.01,0.005,0.2738419094939402,0.4024390243902439,0.0032483512156708336,0.006444683136412459,244.40625
8,0.01,0.007,0.27638261709009887,0.17479674796747968,0.0019413092550790067,0.003839971423468476,346.703125
8,0.01,0.01,0.2632763495614697,0.4024390243902439,0.0031702318432176254,0.006290906780199531,500.171875
8,0.01,0.02,0.3104665074506682,0.5772357723577236,0.004160684461894577,0.008261818181818183,1041.3125
8,0.01,0.05,0.24375649102579938,0.3983739837398374,0.0030181706190329535,0.005990952439173493,4487.859375
8,0.01,0.1,0.3895180513425844,0.008130081300813009,0.0002455795677799607,0.0004767580452920142,10728.125
8,0.01,0.3,0.2176908190016059,0.21951219512195122,0.0019339588854666572,0.003834138028969043,47552.0
8,0.01,0.5,0.19392497174831064,0.044715447154471545,0.000470971056687789,0.0009321243962376071,83454.5625
8,0.01,0.7,0.13407611256754098,0.052845528455284556,0.00046593312067667826,0.0009237218886559846,131188.46875
8,0.01,0.9,0.09534110197601695,0.09349593495934959,0.0007163100688280544,0.0014217277082367486,63128.984375
8,0.02,0.0001,0.3046065123003509,0.5813008130081301,0.00412210659825315,0.008186163666027422,8.265625
8,0.02,0.001,0.3057774132890457,0.5487804878048781,0.004036598493003229,0.008014247551202136,68.125
8,0.02,0.005,0.2639429521757232,0.2764227642276423,0.0025495856923249973,0.005052569008433333,379.421875
8,0.02,0.007,0.4517859185344808,0.008130081300813009,0.0005379236148466917,0.0010090817356205853,1076.90625
8,0.02,0.01,0.2705207918708337,0.12601626016260162,0.0014888814177993373,0.0029429914083637914,4562.8125
8,0.02,0.02,0.2246397051758925,0.15853658536585366,0.001544799176107106,0.0030597834614781104,1853.984375
8,0.02,0.05,0.21582849508855245,0.13008130081300814,0.0012875191116118129,0.0025498007968127487,9676.15625
8,0.02,0.1,0.45157488870893214,0.008130081300813009,0.0005357621216180017,0.001005277707966826,20586.375
8,0.02,0.3,0.35798196009534655,0.02032520325203252,0.00046202180742931065,0.0009035056017347307,53136.390625
8,0.02,0.5,0.2651487388537363,0.032520325203252036,0.00044800358402867225,0.000883831409158703,98777.484375
8,0.02,0.7,0.1747767315883626,0.052845528455284556,0.0005198336532309661,0.0010295398748713074,101153.484375
8,0.02,0.9,0.09566468104185824,0.09349593495934959,0.0007168235367449978,0.001422739082024001,62931.390625
8,0.03,0.0001,0.2631011204597133,0.46747967479674796,0.0034258817921830314,0.006801916366002248,13.296875
8,0.03,0.001,0.18274565244245577,0.13414634146341464,0.0012065372381265768,0.0023915643004674423,102.140625
8,0.03,0.005,0.4281083721079192,0.008130081300813009,0.00037030179596371043,0.0007083407118824155,787.59375
8,0.03,0.007,0.4517859185344808,0.008130081300813009,0.0005379236148466917,0.0010090817356205853,1085.96875
8,0.03,0.01,0.2902753567490655,0.032520325203252036,0.0004977910522058366,0.0009805724091438378,4922.53125
8,0.03,0.02,0.3399815163036267,0.016260162601626018,0.00033456005352960856,0.0006556302245533519,2901.890625
8,0.03,0.05,0.47376859235671703,0.0040650406504065045,0.0004975124378109452,0.0008865248226950354,20095.515625
8,0.03,0.1,0.45147640812367607,0.008130081300813009,0.0005347593582887701,0.0010035122930255897,21120.46875
8,0.03,0.3,0.3579116168201637,0.02032520325203252,0.00046180844185831715,0.0009030976248532466,63818.96875
8,0.03,0.5,0.26526128809402894,0.032520325203252036,0.0004482043811978262,0.0008842221608179055,74564.96875
8,0.03,0.7,0.17479080024339919,0.052845528455284556,0.0005198544407565882,0.001029580643883895,81003.40625
8,0.03,0.9,0.09565061238682167,0.09349593495934959,0.0007168011967463459,0.0014226950793307148,62399.109375
8,0.5,0.0001,0.5004071903408961,0.008130081300813009,0.007633587786259542,0.007874015748031496,2674.328125
8,0.5,0.001,0.5003649843757864,0.008130081300813009,0.007547169811320755,0.00782778864970646,2701.28125
8,0.5,0.005,0.49829689208540934,0.008130081300813009,0.0048543689320388345,0.0060790273556231,2629.359375
8,0.5,0.007,0.49738242950803174,0.008130081300813009,0.0041928721174004195,0.005532503457814661,3648.84375
8,0.5,0.01,0.4957082595586789,0.008130081300813009,0.003355704697986577,0.004750593824228029,5515.015625
8,0.5,0.02,0.4890049457613315,0.0040650406504065045,0.0010787486515641855,0.0017050298380221654,7838.59375
8,0.5,0.05,0.4737123177365707,0.0040650406504065045,0.0004965243296921549,0.0008849557522123895,13366.890625
1,1.0,0.5,0.23925783841406223,0.15040650406504066,0.001547081451747784,0.003062660375796706,6576312.828125
1,2.0,0.3,0.22338153277424727,0.07723577235772358,0.0008472308927138144,0.0016760762173606211,20252720.359375
8,0.5,0.5,0.2653175627141752,0.032520325203252036,0.0004483048472961614,0.0008844176662428832,64373.84375
8,0.5,0.7,0.17488928082865524,0.052845528455284556,0.00052,0.0010298661174047371,70347.1875
8,0.5,0.9,0.09566468104185824,0.09349593495934959,0.0007168235367449978,0.001422739082024001,53369.71875
8,1.0,0.0001,0.5004071903408961,0.008130081300813009,0.007633587786259542,0.007874015748031496,2151.390625
8,1.0,0.001,0.5003649843757864,0.008130081300813009,0.007547169811320755,0.00782778864970646,2145.3125
8,1.0,0.005,0.49829689208540934,0.008130081300813009,0.0048543689320388345,0.0060790273556231,2213.296875
8,1.0,0.007,0.49738242950803174,0.008130081300813009,0.0041928721174004195,0.005532503457814661,2948.1875
8,1.0,0.01,0.4957082595586789,0.008130081300813009,0.003355704697986577,0.004750593824228029,4584.53125
8,1.0,0.02,0.4890049457613315,0.0040650406504065045,0.0010787486515641855,0.0017050298380221654,6636.6875
1,1.0,0.7,0.19716442254461936,0.15040650406504066,0.001375055745503196,0.002725197024379465,23913386.4375
1,1.0,0.9,0.17703846804928378,0.3008130081300813,0.0021944782183209274,0.004357170194600642,27627705.6875
